id,Time,feat1,feat2,feat3,feat4,feat5,feat6,feat7,feat8,feat9,feat10,feat11,feat12,feat13,feat14,feat15,feat16,feat17,feat18,feat19,feat20,feat21,feat22,feat23,feat24,feat25,feat26,feat27,feat28,Transaction_Amount
150000,73899,-0.681234385,-0.371212153,0.385966123,0.955703466,2.064078129,0.338826793,-0.53945183,-0.254045675,0.010959695,0.753938474,-0.547337517,0.559844265,0.261633486,0.847703316,-0.992735575,0.552428146,-0.381524096,-0.063139233,0.919229816,0.183559885,-0.253324274,0.266668155,-0.153829087,0.455969266,-0.503628132,0.257588489,-0.456685135,-0.298918692,30.42
150001,73899,-1.098947286,-0.959377068,0.324933984,0.703907903,1.09058245,-1.59590855,0.584548473,0.260069182,0.057549167,0.426822192,0.151723777,0.347828662,0.121715487,-0.175945557,-0.090563602,0.177865272,0.614953531,0.252660593,-0.456465233,0.334764377,0.130108147,0.676928006,-0.161070456,-0.638010986,-0.273424481,0.711131899,0.349967011,0.141233453,23
150002,73899,0.977029445,-0.270983818,0.471526377,-1.232570294,0.957537236,-0.636601772,-0.953059772,-1.491744013,0.226865473,-1.170845475,0.079796039,0.232439583,-0.655583729,0.926556865,-0.71535585,1.482958473,1.818204926,-0.466738151,0.166645453,0.355727892,0.517912443,1.175087191,-0.325895168,-0.362635704,0.306037174,0.004828483,0.037388926,0.058221548,198
150003,73900,1.176657704,-0.225816275,-0.246599779,0.015512889,1.103830653,1.229516183,-1.527098161,-0.459768779,0.749163499,-0.527556799,0.135978497,0.952855266,0.329651268,0.04397879,-0.522081538,0.051838697,-0.079553368,-0.291358983,-0.049556949,-0.152613456,-0.104599598,0.003800276,-0.023179842,-0.45833797,0.48142725,-0.381415352,0.080165352,0.027371817,9.99
150004,73900,0.804828271,-0.272967228,0.959909653,-1.117567247,0.395747752,0.589855133,1.059880155,-1.101202595,0.066464206,-0.407907932,0.097648075,-1.187040287,0.161778957,-0.472613984,0.525868952,0.597515898,-1.202675298,1.681688234,-1.335860975,-0.127817779,-0.011848997,0.07854011,-0.241700294,0.010129594,0.302613993,-0.259568245,0.023126726,0.056957391,239
