Time,Transaction_Amount,feat1,feat10,feat11,feat12,feat13,feat14,feat15,feat16,feat17,feat18,feat19,feat2,feat20,feat21,feat22,feat23,feat24,feat25,feat26,feat27,feat28,feat3,feat4,feat5,feat6,feat7,feat8,feat9,IsFraud
0,1.98,2.074329079,0.108781869,-1.070242859,-0.234909772,-1.099360177,0.502467224,0.169318254,0.06568803,-0.306957472,-0.323799674,0.103348442,-0.129425496,-0.292969077,-0.334701079,-0.887840397,0.336701494,-0.110834797,-0.291459391,0.207733235,-0.076575676,-0.059577306,-1.137417884,0.412846471,-0.192638451,-1.210143778,0.110696568,-0.263477471,0.742143812,0
